Workbook

Sheet Adatok
A1: Hónap | B1: Bevétel (Ft) | C1: Kiadás (Ft) | E1: Javítás típusa | F1: Javítások száma (db) | G1: Kezdő ár (Ft) | I1: Kiadási kategória | J1: Éves összeg (Ft)
A2: Jan | B2: 1180000 | C2: 1059000 | E2: Kijelzőcsere | F2: 476 | G2: 18900 | I2: Alkatrészek | J2: 5600000
A3: Feb | B3: 1240000 | C3: 1077000 | E3: Akkumulátorcsere | F3: 364 | G3: 9900 | I3: Bérek és járulékok | J3: 4800000
A4: Már | B4: 1420000 | C4: 1132000 | E4: Töltőcsatlakozó csere | F4: 196 | G4: 8900 | I4: Bérleti díj | J4: 1920000
A5: Ápr | B5: 1350000 | C5: 1110000 | E5: Hátlapcsere | F5: 140 | G5: 11900 | I5: Rezsi | J5: 540000
A6: Máj | B6: 1510000 | C6: 1159000 | E6: Szoftveres hibaelhárítás | F6: 126 | G6: 5900 | I6: Marketing | J6: 480000
A7: Jún | B7: 1480000 | C7: 1150000 | E7: Vízkár-kezelés | F7: 98 | G7: 12900 | I7: Egyéb | J7: 660000
A8: Júl | B8: 1390000 | C8: 1123000
A9: Aug | B9: 1560000 | C9: 1174000
A10: Szep | B10: 1720000 | C10: 1223000
A11: Okt | B11: 1690000 | C11: 1214000
A12: Nov | B12: 1830000 | C12: 1256000
A13: Dec | B13: 2050000 | C13: 1323000

Sheet Összesítés
B2: Éves bevétel | C2: =SUM(Adatok!B2:B13) -> 18420000
B3: Éves kiadás | C3: =SUM(Adatok!C2:C13) -> 14000000
B4: Éves eredmény | C4: =SUM(Adatok!B2:B13)-SUM(Adatok!C2:C13) -> 4420000
B5: Átlagos havi bevétel | C5: =AVERAGE(Adatok!B2:B13) -> 1535000
B6: Átlagos havi kiadás | C6: =AVERAGE(Adatok!C2:C13) -> 1166666.7
B7: Legnagyobb havi bevétel | C7: =MAX(Adatok!B2:B13) -> 2050000 | D7: =INDEX(Adatok!A2:A13,MATCH(C7,Adatok!B2:B13,0),1) -> Dec
B8: Legnagyobb havi kiadás | C8: =MAX(Adatok!C2:C13) -> 1323000 | D8: =INDEX(Adatok!A2:A13,MATCH(C8,Adatok!C2:C13,0),1) -> Dec
B9: Legkisebb havi bevétel | C9: =MIN(Adatok!B2:B13) -> 1180000 | D9: =INDEX(Adatok!A2:A13,MATCH(C9,Adatok!B2:B13,0),1) -> Jan
B10: Legkisebb havi kiadás | C10: =MIN(Adatok!C2:C13) -> 1059000 | D10: =INDEX(Adatok!A2:A13,MATCH(C10,Adatok!C2:C13,0),1) -> Jan
B11: 1 500 000 Ft feletti bevételű hónapok száma | C11: =COUNTIF(Adatok!B2:B13,">1500000") -> 6
B13: Legnagyobb kiadási kategória | C13: =INDEX(Adatok!I2:J7,MATCH(MAX(Adatok!J2:J7),Adatok!J2:J7,0),1) -> Alkatrészek
B14: Legkisebb kiadási kategória | C14: =INDEX(Adatok!I2:J7,MATCH(MIN(Adatok!J2:J7),Adatok!J2:J7,0),1) -> Marketing
B16: Kijelzőcserék százaléka | C16: =Adatok!F2/SUM(Adatok!$F$2:$F$7) -> 0.34
B17: Kijelzőcserék becsült bevétele | C17: =Adatok!F2*Adatok!G2 -> 8996400
B18: Akkumulátorcserék százaléka | C18: =Adatok!F3/SUM(Adatok!$F$2:$F$7) -> 0.26
B19: Akkumulátorcserék becsült bevétele | C19: =Adatok!F3*Adatok!G3 -> 3603600
B20: Töltőcsatlakozó cserék százaléka | C20: =Adatok!F4/SUM(Adatok!$F$2:$F$7) -> 0.14
B21: Töltőcsatlakozó cserék becsült bevétele | C21: =Adatok!F4*Adatok!G4 -> 1744400
B22: Hátlapcserék százaléka | C22: =Adatok!F5/SUM(Adatok!$F$2:$F$7) -> 0.1
B23: Hátlapcserék becsült bevétele | C23: =Adatok!F5*Adatok!G5 -> 1666000
B24: Szoftveres hibaelhárítások százaléka | C24: =Adatok!F6/SUM(Adatok!$F$2:$F$7) -> 0.09
B25: Szoftveres hibaelhárítások becsült bevétele | C25: =Adatok!F6*Adatok!G6 -> 743400
B26: Vízkár-kezelések százaléka | C26: =Adatok!F7/SUM(Adatok!$F$2:$F$7) -> 0.07
B27: Vízkár-kezelések becsült bevétele | C27: =Adatok!F7*Adatok!G7 -> 1264200
